City_ID,City,Lat,Lng,Max Temp,Humidity,Cloudiness,Wind Speed,Country,Date
0,wewak,-3.5534,143.6268,29.15,71,72,4.76,PG,1690609745
1,rongelap,11.1635,166.8941,28.43,82,97,10.04,MH,1690609746
2,dehri,24.8667,84.1833,38.42,38,35,2.86,IN,1690609746
3,grytviken,-54.2811,-36.5092,-1.84,85,40,5.08,GS,1690609747
4,port-aux-francais,-49.35,70.2167,3.84,80,89,13.26,TF,1690609560
5,singtam,27.2333,88.5,29.7,84,97,0.65,IN,1690609681
6,lusambo,-4.9667,23.45,23.7,34,6,0.91,CD,1690609748
7,muravlenko,63.7898,74.523,23.83,49,34,1.92,RU,1690609748
8,klyuchi,52.2667,79.1667,31.19,26,71,5.63,RU,1690609749
9,huamachuco,-7.8,-78.0667,7.22,93,11,2.75,PE,1690609749
10,berezovyy,51.6667,135.7,30.41,39,98,1.81,RU,1690609749
11,kununurra,-15.7667,128.7333,31.99,33,42,3.6,AU,1690609750
12,lhokseumawe,5.1801,97.1507,31.63,59,20,3.74,ID,1690609750
13,albany,42.6001,-73.9662,24.85,84,87,1.34,US,1690609653
14,chonchi,-42.6128,-73.8092,11.73,92,100,4.65,CL,1690609751
15,khandyga,62.6667,135.6,25.65,26,47,1.8,RU,1690609751
16,katsuura,35.1333,140.3,28.6,71,19,5.67,JP,1690609752
17,nikol'sk,53.7189,46.0712,29.02,44,100,5.74,RU,1690609752
18,uturoa,-16.7333,-151.4333,26.45,77,13,3.51,PF,1690609753
19,blackmans bay,-43.0167,147.3167,16.52,48,67,3.78,AU,1690609753
20,kavaratti,10.5669,72.642,28.3,77,37,7.16,IN,1690609753
21,fairwood,47.4484,-122.1573,19.08,71,40,2.06,US,1690609754
22,vorgashor,67.5833,63.95,17.85,52,2,3.5,RU,1690609594
23,forster,-32.1667,152.5167,20.72,59,31,2.5,AU,1690609755
24,adamstown,-25.066,-130.1015,19.28,61,99,11.97,PN,1690609582
25,oriximina,-1.7656,-55.8661,24.91,74,92,1.17,BR,1690609756
26,olonkinbyen,70.9221,-8.7187,5.81,90,99,3.48,SJ,1690609756
27,tiksi,71.6872,128.8694,6.21,74,0,4.47,RU,1690609757
28,qujing,25.4833,103.7833,23.95,65,99,1.06,CN,1690609757
29,taghazout,30.5426,-9.7112,20.43,91,5,1.56,MA,1690609758
30,el calafate,-50.3408,-72.2768,2.56,84,40,0.47,AR,1690609758
31,jamestown,42.097,-79.2353,22.77,98,75,3.09,US,1690609758
32,viedma,-40.8135,-62.9967,11.19,57,99,10.0,AR,1690609759
33,bilibino,68.0546,166.4372,10.33,91,100,0.82,RU,1690609759
34,porto novo,6.4965,2.6036,24.9,94,99,1.81,BJ,1690609760
35,bethel,41.3712,-73.414,25.35,84,0,0.0,US,1690609580
36,ystad,55.4297,13.8204,15.41,75,100,3.97,SE,1690609761
37,callao,-12.0667,-77.15,20.4,77,100,4.63,PE,1690609746
38,ushuaia,-54.8,-68.3,8.81,61,0,4.63,AR,1690609623
39,wailua homesteads,22.0669,-159.378,28.24,77,75,7.72,US,1690609590
40,mogocha,53.7333,119.7667,23.66,52,74,2.03,RU,1690609762
41,west island,-12.1568,96.8225,26.99,74,40,8.75,CC,1690609763
42,kiunga,-6.1219,141.2906,26.47,88,97,1.61,PG,1690609763
43,sarupathar,26.1984,93.8094,33.12,86,100,0.9,IN,1690609763
44,kasongo-lunda,-6.4667,16.8167,20.39,82,6,0.62,CD,1690609764
45,ilulissat,69.2167,-51.1,4.01,100,100,2.06,GL,1690609765
46,iqaluit,63.7506,-68.5145,10.85,62,75,1.54,CA,1690609766
47,edinburgh of the seven seas,-37.0676,-12.3116,14.49,84,100,13.21,SH,1690609766
48,yellowknife,62.456,-114.3525,17.29,72,100,3.09,CA,1690609670
49,san antonio de pale,-1.4014,5.6325,22.57,85,100,6.36,GQ,1690609767
50,shevchenkove,49.6959,37.1735,19.05,72,70,8.25,UA,1690609768
51,santana,-0.0583,-51.1817,28.1,94,40,5.14,BR,1690609511
52,mykolayiv,46.9659,31.9974,21.82,45,70,2.52,UA,1690609768
53,thompson,55.7435,-97.8558,13.09,88,40,3.09,CA,1690609600
54,kapa'a,22.0752,-159.319,28.99,77,75,7.72,US,1690609770
55,constantia,44.1833,28.65,22.61,44,17,2.73,RO,1690609770
56,chittagong,22.9167,91.5,31.75,68,65,6.87,BD,1690609770
57,kodiak,57.79,-152.4072,11.73,100,100,4.12,US,1690609771
58,zaragoza,41.6561,-0.8773,22.67,76,20,0.51,ES,1690609771
59,bel ombre,-4.6167,55.4167,25.91,83,40,5.14,SC,1690609772
60,stanley,54.868,-1.6985,14.29,85,20,1.03,GB,1690609772
61,tralee,52.2704,-9.7026,13.54,90,50,6.24,IE,1690609773
62,mhamid,29.82,-5.72,31.86,16,5,2.42,MA,1690609773
63,tazovsky,67.4667,78.7,16.91,81,98,3.18,RU,1690609773
64,macau,22.2006,113.5461,36.59,84,20,2.57,MO,1690609774
65,bredasdorp,-34.5322,20.0403,9.96,87,96,12.96,ZA,1690609774
66,pisco,-13.7,-76.2167,19.03,82,100,4.63,PE,1690609775
67,constitucion,-35.3333,-72.4167,12.26,78,100,2.93,CL,1690609775
68,cam ranh,11.9214,109.1591,34.98,52,40,2.06,VN,1690609775
69,asuncion nochixtlan,17.4667,-97.2333,14.57,92,85,2.62,MX,1690609776
70,utrik,11.2278,169.8474,28.38,84,95,9.81,MH,1690609776
71,corabia,43.7833,24.5,16.32,34,0,1.26,RO,1690609777
72,tual,-5.6667,132.75,26.16,86,84,9.35,ID,1690609777
73,atafu village,-8.5421,-172.5159,28.43,74,85,6.57,TK,1690609777
74,udachny,66.4167,112.4,26.36,25,0,2.41,RU,1690609778
75,maine soroa,13.2114,12.0241,27.05,66,73,6.01,NE,1690609778
76,shuangjiang,26.1547,109.7138,34.65,47,78,1.04,CN,1690609779
77,waitangi,-43.9535,-176.5597,10.46,96,74,3.58,NZ,1690609564
78,las praderas,-3.3348,-79.7984,25.41,84,73,0.32,EC,1690609779
79,lazaro cardenas,17.9583,-102.2,26.74,85,37,1.39,MX,1690609780
80,nabire,-3.3667,135.4833,30.18,70,64,2.88,ID,1690609780
81,svyetlahorsk,52.6329,29.7389,17.83,79,22,3.6,BY,1690609659
82,suihua,46.6406,126.9969,27.61,82,45,7.1,CN,1690609781
83,nar'yan-mar,67.6713,53.087,19.7,62,56,2.81,RU,1690609699
84,moissala,8.3404,17.7663,22.84,88,93,1.42,TD,1690609782
85,keflavik,64.0049,-22.5624,9.24,93,0,3.6,IS,1690609594
86,ramshir,30.8946,49.4092,35.92,18,0,2.63,IR,1690609783
87,lebu,-37.6167,-73.65,11.82,88,100,4.09,CL,1690609783
88,barras,-4.2444,-42.2944,21.99,96,21,1.05,BR,1690609784
89,puerto natales,-51.7236,-72.4875,0.49,93,92,1.99,CL,1690609572
90,qamdo,31.1667,97.2333,15.4,39,66,0.86,CN,1690609784
91,anadyr,64.75,177.4833,13.28,76,20,10.73,RU,1690609785
92,happy valley-goose bay,53.3168,-60.3315,13.17,76,75,2.06,CA,1690609785
93,kailua-kona,19.6406,-155.9956,27.98,79,75,2.06,US,1690609786
94,aioun,16.6614,-9.6149,30.97,50,53,3.75,MR,1690609786
95,papatowai,-46.5619,169.4708,9.22,84,95,1.67,NZ,1690609786
96,isafjordur,66.0755,-23.124,7.15,94,99,3.09,IS,1690609787
97,antsiranana,-12.2787,49.2917,24.42,46,20,9.26,MG,1690609656
98,tabou,4.423,-7.3528,24.66,87,99,4.35,CI,1690609788
99,del rio,29.3627,-100.8968,33.06,44,0,7.72,US,1690609788
100,chibougamau,49.9168,-74.3659,9.79,81,100,4.63,CA,1690609788
101,korla,41.7597,86.1469,26.6,33,100,8.19,CN,1690609789
102,mount isa,-20.7333,139.5,28.87,28,21,3.09,AU,1690609718
103,jilove,50.7608,14.1038,20.77,87,83,1.92,CZ,1690609791
104,dwarka,22.2394,68.9678,28.45,80,88,10.45,IN,1690609791
105,senador jose porfirio,-2.5908,-51.9542,23.95,80,34,1.38,BR,1690609791
106,sirte,31.2089,16.5887,26.02,67,0,3.19,LY,1690609792
107,sturgis,41.7992,-85.4192,22.89,92,75,2.06,US,1690609792
108,hadibu,12.65,54.0333,26.44,73,96,15.19,YE,1690609793
109,tazacorte,28.629,-17.9293,22.54,84,100,5.66,ES,1690609793
110,ust-nera,64.5667,143.2,20.07,34,59,1.04,RU,1690609709
111,quirihue,-36.2833,-72.5333,9.51,82,100,0.93,CL,1690609794
112,enewetak,11.3474,162.3373,28.17,80,99,8.94,MH,1690609794
113,westport,41.1415,-73.3579,27.7,92,0,1.54,US,1690609795
114,qaqortoq,60.7167,-46.0333,6.45,79,99,0.92,GL,1690609629
115,faya-largeau,17.9257,19.1043,33.65,10,43,4.63,TD,1690609795
116,longyearbyen,78.2186,15.6401,6.91,93,75,2.06,SJ,1690609796
117,whitehorse,60.7161,-135.0538,23.43,42,20,3.09,CA,1690609559
118,dhulia,20.9,74.7833,28.45,69,99,6.31,IN,1690609797
119,margaret river,-33.95,115.0667,15.22,72,99,6.81,AU,1690609797
120,hamilton,39.1834,-84.5333,27.78,87,20,4.12,US,1690609701
121,kirakira,-10.4544,161.9205,25.49,90,100,1.12,SB,1690609798
122,san patricio,28.017,-97.5169,29.36,82,54,2.64,US,1690609798
123,kharhial,20.2833,82.7667,32.51,65,100,5.61,IN,1690609798
124,buchanan,5.8808,-10.0467,24.2,91,100,3.51,LR,1690609799
125,akwanga,8.9167,8.3833,21.3,96,100,0.66,NG,1690609799
126,taungoo,18.9333,96.4333,29.72,80,66,2.7,MM,1690609800
127,college,64.8569,-147.8028,26.99,61,75,2.57,US,1690609800
128,east london,-33.0153,27.9116,16.52,82,0,3.6,ZA,1690609801
129,talara,-4.5772,-81.2719,21.51,83,22,5.88,PE,1690609801
130,puerto ayora,-0.7393,-90.3518,24.19,92,76,0.89,EC,1690609802
131,senanga,-16.1167,23.2667,15.86,37,2,3.29,ZM,1690609802
132,geneina,13.45,22.45,25.03,73,64,3.16,SD,1690609803
133,fortuna,40.5982,-124.1573,15.19,100,100,3.09,US,1690609626
134,camana,-16.6228,-72.7111,17.5,81,1,2.73,PE,1690609803
135,invercargill,-46.4,168.35,9.51,87,87,1.59,NZ,1690609804
136,porto murtinho,-21.6989,-57.8825,16.03,93,7,1.94,BR,1690609804
137,massawa,15.6097,39.45,39.11,34,88,1.99,ER,1690609805
138,caleta olivia,-46.4393,-67.5281,10.4,69,69,11.51,AR,1690609805
139,silifke,36.3778,33.9344,31.1,43,0,0.78,TR,1690609805
140,vilyuysk,63.7553,121.6247,25.9,28,1,3.31,RU,1690609806
141,bonthe,7.5264,-12.505,24.6,92,100,4.47,SL,1690609806
142,mugia,43.1041,-9.2179,19.39,91,78,2.0,ES,1690609807
143,broken hill,-31.95,141.4333,20.09,34,2,3.88,AU,1690609735
144,bereznik,62.8551,42.7072,19.94,85,96,2.83,RU,1690609807
145,queenstown,-31.8976,26.8753,15.48,41,71,4.29,ZA,1690609808
146,arys,42.4252,68.795,37.78,16,0,3.23,KZ,1690609809
147,port lincoln,-34.7333,135.8667,16.09,62,0,9.83,AU,1690609809
148,susuman,62.7833,148.1667,17.63,37,79,2.16,RU,1690609809
149,ola,59.5833,151.2833,21.75,74,98,4.64,RU,1690609810
150,los frentones,-26.4077,-61.4137,10.69,65,0,1.91,AR,1690609811
151,saint-pierre,-21.3393,55.4781,23.82,57,0,5.14,RE,1690609811
152,lakatoro,-16.0999,167.4164,22.64,71,94,6.94,VU,1690609811
153,vakarai,55.6035,23.8213,16.29,65,42,2.96,LT,1690609812
154,hasaki,35.7333,140.8333,35.17,73,5,7.26,JP,1690609812
155,ribeira grande,38.5167,-28.7,22.65,93,19,0.89,PT,1690609591
156,nuuk,64.1835,-51.7216,10.34,81,100,4.63,GL,1690609813
157,carbonear,47.7332,-53.2148,15.91,87,34,1.9,CA,1690609759
158,tolanaro,-25.0319,46.9987,21.04,68,20,5.14,MG,1690609694
159,saint-francois,46.4154,3.9054,17.69,94,100,1.03,FR,1690609814
160,maninihon,9.37,122.84,26.26,87,100,5.4,PH,1690609815
161,otradnoye,59.7775,30.8181,16.64,62,60,4.16,RU,1690609815
162,kapuskasing,49.4169,-82.4331,12.0,76,20,2.06,CA,1690609816
163,akureyri,65.6835,-18.0878,8.96,87,100,3.09,IS,1690609816
164,kruisfontein,-34.0033,24.7314,11.6,90,100,1.18,ZA,1690609817
165,christchurch,-43.5333,172.6333,8.28,82,56,3.6,NZ,1690609536
166,oeiras,-7.0253,-42.1311,23.29,56,0,3.86,BR,1690609817
167,renqiu,38.6989,116.0936,25.17,94,100,1.12,CN,1690609818
168,port mathurin,-19.6833,63.4167,23.4,78,8,5.99,MU,1690609818
169,bayji,34.9311,43.487,37.07,21,0,4.74,IQ,1690609819
170,avarua,-21.2078,-159.775,23.03,56,20,2.57,CK,1690609819
171,afaahiti,-17.75,-149.2833,22.93,86,83,9.88,PF,1690609572
172,cabo san lucas,22.8909,-109.9124,31.61,65,90,2.24,MX,1690609592
173,cantanhede,-3.6333,-44.3767,22.66,95,12,1.39,BR,1690609820
174,flying fish cove,-10.4217,105.6791,26.82,73,75,7.72,CX,1690609820
175,polyarnyy,69.1989,33.4478,16.3,77,100,3.59,RU,1690609821
176,tekkali,18.6167,84.2333,33.1,64,100,4.46,IN,1690609822
177,hermanus,-34.4187,19.2345,9.89,80,100,10.25,ZA,1690609822
178,karasburg,-28.0167,18.75,5.9,78,72,7.29,NA,1690609822
179,boyolangu,-8.1181,111.8935,26.99,57,65,5.52,ID,1690609823
180,kristiansund,63.1115,7.732,17.03,88,100,2.57,NO,1690609823
181,ancud,-41.8697,-73.8203,11.41,92,100,7.56,CL,1690609824
182,thanh hoa,19.8,105.7667,35.32,54,100,2.45,VN,1690609824
183,guerrero negro,27.9769,-114.0611,20.84,80,23,4.27,MX,1690609825
184,fale old settlement,-9.3852,-171.2468,28.7,73,77,7.98,TK,1690609571
185,pemalang,-6.9,109.3667,29.91,50,59,3.04,ID,1690609825
186,yorkton,51.2167,-102.4677,9.91,93,20,1.54,CA,1690609826
187,neiafu,-18.65,-173.9833,21.38,88,75,2.06,TO,1690609826
188,shushtar,32.0455,48.8567,41.48,9,0,4.29,IR,1690609826
189,holualoa,19.6228,-155.9522,25.91,80,75,2.06,US,1690609827
190,sitka,57.0531,-135.33,16.94,77,0,5.14,US,1690609689
191,ghormach,35.7306,63.7826,35.19,18,6,4.45,AF,1690609828
192,fort st. john,56.2499,-120.8529,13.94,62,20,3.09,CA,1690609720
193,poronaysk,49.2167,143.1167,17.43,87,96,2.55,RU,1690609828
194,villa regina,-39.1,-67.0667,12.21,20,100,5.93,AR,1690609829
195,remire-montjoly,4.9167,-52.2667,24.02,100,0,0.0,GF,1690609829
196,shahpura,27.3833,75.9667,25.24,91,94,5.05,IN,1690609830
197,san pedro pochutla,15.7333,-96.4667,26.51,81,38,1.9,MX,1690609830
198,sawang daen din,17.4753,103.4575,26.46,85,100,4.31,TH,1690609831
199,malango,-2.9627,119.9001,27.89,50,34,2.3,ID,1690609831
200,khalis,33.82,44.5264,39.25,14,0,4.78,IQ,1690609831
201,piti village,13.4626,144.6933,31.49,72,0,3.6,GU,1690609832
202,dudinka,69.4058,86.1778,23.68,59,54,6.64,RU,1690609832
203,novyy urengoy,66.0833,76.6333,20.55,72,100,2.83,RU,1690609833
204,vila velha,-20.3297,-40.2925,19.97,94,0,2.57,BR,1690609743
205,newman,37.3138,-121.0208,27.13,58,0,2.22,US,1690609768
206,howard springs,-12.497,131.047,30.95,28,68,1.01,AU,1690609834
207,panuco,22.05,-98.1667,23.69,88,80,1.63,MX,1690609834
208,beboto,8.2668,16.939,22.48,92,80,1.32,TD,1690609834
209,port elizabeth,-33.918,25.5701,14.16,88,20,5.14,ZA,1690609562
210,skara,58.3866,13.4384,14.23,92,76,0.89,SE,1690609836
211,gadzhiyevo,69.2551,33.3362,16.17,79,100,3.06,RU,1690609648
212,sao joao da barra,-21.6403,-41.0511,19.96,87,89,5.34,BR,1690609837
213,sumbawa besar,-8.5,117.4333,33.07,32,61,5.41,ID,1690609837
214,coquimbo,-29.9533,-71.3436,14.25,86,61,0.61,CL,1690609585
215,carnot,4.9409,15.8665,21.77,95,91,0.58,CF,1690609838
216,huayin,34.5675,110.0921,29.3,72,89,2.54,CN,1690609839
217,shagonar,51.5333,92.8,25.79,49,64,1.75,RU,1690609839
218,bardai,11.65,7.2333,21.61,86,90,3.39,NG,1690609840
219,bezhetsk,57.7851,36.6965,15.96,79,100,0.79,RU,1690609840
220,arraial do cabo,-22.9661,-42.0278,20.91,91,11,7.17,BR,1690609840
221,hammerfest,70.6634,23.6821,10.25,93,100,4.12,NO,1690609841
222,peace river,56.2501,-117.286,14.17,82,20,1.54,CA,1690609841
223,yenangyaung,20.4667,94.8833,37.23,40,89,4.12,MM,1690609841
224,puerto baquerizo moreno,-0.9,-89.6,23.64,85,100,4.05,EC,1690609842
225,pandan,14.0453,124.1694,30.8,68,87,3.73,PH,1690609842
226,illizi,26.4833,8.4667,28.89,16,18,3.63,DZ,1690609843
227,chela,34.069,104.4619,24.59,39,0,0.3,CN,1690609843
228,codrington,-38.2667,141.9667,14.9,72,50,6.68,AU,1690609843
229,mahibadhoo,3.7833,72.9667,28.39,73,89,1.89,MV,1690609844
230,mana,5.6592,-53.7767,25.14,92,96,4.14,GF,1690609844
231,ghadamis,30.1337,9.5007,33.74,21,1,2.81,LY,1690609845
232,saint-joseph,-21.3667,55.6167,23.21,63,16,4.53,RE,1690609845
233,st. john's,47.5649,-52.7093,15.66,88,0,2.24,CA,1690609725
234,punta arenas,-53.15,-70.9167,5.51,87,100,6.76,CL,1690609573
235,basco,20.4487,121.9702,28.19,80,100,3.22,PH,1690609846
236,benito juarez,19.385,-99.165,16.11,75,63,3.58,MX,1690609780
237,nova sintra,14.8667,-24.7167,21.92,77,20,9.35,CV,1690609847
238,meadow lake,34.8014,-106.5436,26.93,43,98,1.67,US,1690609847
239,muisne,0.6,-80.0333,24.52,93,100,3.49,EC,1690609848
240,dhidhdhoo,6.8833,73.1,28.27,77,49,4.99,MV,1690609848
241,galveston,29.3669,-94.9669,29.42,83,40,4.12,US,1690609848
242,tura,25.5198,90.2201,29.86,74,97,2.29,IN,1690609787
243,puerto aysen,-45.4,-72.7,9.33,91,100,4.61,CL,1690609573
244,bubaque,11.2833,-15.8333,26.57,83,100,4.87,GW,1690609850
245,daru,-9.0763,143.2092,25.76,83,82,8.08,PG,1690609850
246,port alfred,-33.5906,26.891,15.66,95,74,2.68,ZA,1690609850
247,mbekenyera,-10.0,38.9833,23.59,63,3,0.12,TZ,1690609851
248,paradip garh,20.3167,86.6167,33.35,65,100,3.41,IN,1690609851
249,santa lucia,27.9117,-15.5407,18.62,64,75,7.2,ES,1690609852
250,sona,45.4388,10.8255,23.47,78,0,2.06,IT,1690609852
251,greymouth,-42.4667,171.2,7.45,84,78,0.54,NZ,1690609852
252,al hufuf,25.3646,49.5653,39.19,8,0,7.2,SA,1690609853
253,talnakh,69.4865,88.3972,23.45,47,67,6.47,RU,1690609853
254,kyzyl-suu,42.3414,78.0056,23.3,44,44,4.0,KG,1690609854
255,mount pearl,47.5166,-52.7813,15.19,88,0,2.06,CA,1690609854
256,sandnessjoen,66.0217,12.6316,14.29,88,99,0.93,NO,1690609854
257,awjilah,29.1081,21.2869,27.74,47,0,4.33,LY,1690609855
258,carnarvon,-24.8667,113.6333,19.48,48,0,5.46,AU,1690609855
259,codlea,45.7,25.45,19.89,37,20,0.48,RO,1690609856
260,fremantle,-32.05,115.7667,18.86,83,75,5.66,AU,1690609633
261,alofi,-19.0595,-169.9187,20.94,94,94,2.06,NU,1690609856
262,axim,4.8699,-2.2405,24.39,88,99,2.67,GH,1690609857
263,san sebastian de la gomera,28.0916,-17.1133,23.54,68,40,0.51,ES,1690609857
264,oituz,46.2,26.6167,19.18,54,51,2.41,RO,1690609857
265,lompoc,34.6391,-120.4579,14.77,92,0,1.54,US,1690609858
266,lublin,51.0,23.0,16.88,86,8,3.52,PL,1690609629
267,alice springs,-23.7,133.8833,24.75,41,75,2.06,AU,1690609859
268,majene,-3.5403,118.9707,29.21,63,25,5.02,ID,1690609859
269,severo-yeniseyskiy,60.3725,93.0408,23.8,48,100,2.36,RU,1690609860
270,tarinkot,32.6268,65.8733,33.92,20,13,4.41,AF,1690609860
271,i-n-salah,27.1935,2.4607,34.74,8,16,3.7,DZ,1690609861
272,novo aripuana,-5.1206,-60.3797,22.22,54,48,1.09,BR,1690609861
273,ilula,-7.6766,36.0366,15.3,70,14,2.48,TZ,1690609861
274,bogorodskoye,56.55,37.8833,13.26,97,100,3.7,RU,1690609862
275,karratha,-20.7377,116.8463,26.14,27,39,4.69,AU,1690609863
276,manggar,-2.8833,108.2667,29.09,62,57,7.37,ID,1690609863
277,kirensk,57.7853,108.1119,28.63,45,54,0.26,RU,1690609863
278,minas de marcona,-15.2119,-75.1103,13.12,82,27,2.88,PE,1690609864
279,palikir - national government center,6.9248,158.1611,28.47,84,75,1.54,FM,1690609864
280,olyokminsk,60.3736,120.4264,28.75,44,57,3.98,RU,1690609865
281,lihue,21.9789,-159.3672,28.58,71,75,7.72,US,1690609631
282,isangel,-19.55,169.2667,20.16,63,95,5.94,VU,1690609865
283,nieuw amsterdam,5.8833,-55.0833,26.68,87,76,3.51,SR,1690609866
284,bardsir,29.9227,56.5743,31.25,13,6,1.65,IR,1690609866
285,hithadhoo,-0.6,73.0833,28.02,73,95,3.73,MV,1690609866
286,burang,30.25,81.1667,13.29,73,98,3.35,CN,1690609867
287,san jose de jachal,-30.2406,-68.7469,12.96,28,42,2.53,AR,1690609868
288,balasore,21.4942,86.9317,33.12,66,100,2.64,IN,1690609868
289,ciudad lazaro cardenas,17.9583,-102.2,26.74,85,37,1.39,MX,1690609868
290,zalingei,12.9096,23.4741,23.47,79,80,0.38,SD,1690609869
291,aegina,37.7467,23.4275,29.28,59,0,3.72,GR,1690609869
292,tamandare,-8.7597,-35.1047,22.91,88,39,2.68,BR,1690609870
293,praia da vitoria,38.7333,-27.0667,22.64,94,40,4.1,PT,1690609870
294,hawaiian paradise park,19.5933,-154.9731,25.73,86,75,2.06,US,1690609870
295,sosnytsya,51.5239,32.4999,18.93,57,74,1.92,UA,1690609871
296,okahandja,-21.9833,16.9167,3.59,97,27,3.89,NA,1690609871
297,dalandzadgad,43.5708,104.425,33.62,17,18,5.07,MN,1690609872
298,bay city,43.5945,-83.8889,22.45,89,0,2.06,US,1690609815
299,castillos,-34.1667,-53.8333,4.57,87,6,0.98,UY,1690609872
300,urumqi,43.801,87.6005,21.53,60,100,4.0,CN,1690609873
301,shizunai-furukawacho,42.3339,142.3669,25.07,83,78,4.42,JP,1690609873
302,vanimo,-2.6741,141.3028,28.03,81,73,1.93,PG,1690609874
303,terrace,54.5163,-128.6035,23.95,40,75,2.06,CA,1690609874
304,nouadhibou,20.931,-17.0347,21.99,78,9,8.23,MR,1690609874
305,mazabuka,-15.856,27.748,17.61,50,0,2.69,ZM,1690609875
306,east ballina,-28.8667,153.5833,19.41,63,17,3.43,AU,1690609875
307,tarakan,3.3,117.6333,31.72,74,20,2.06,ID,1690609876
308,peniche,39.3558,-9.3811,20.72,96,28,0.39,PT,1690609876
309,kalispell,48.1958,-114.3129,21.02,43,0,3.6,US,1690609877
310,trairi,-3.2778,-39.2689,24.68,87,7,4.15,BR,1690609814
311,moab,38.5733,-109.5498,30.03,23,44,4.65,US,1690609877
312,miles city,46.4083,-105.8406,22.54,56,75,6.69,US,1690609878
313,imbituba,-28.24,-48.6703,12.63,78,96,4.78,BR,1690609878
314,merritt,50.1123,-120.7942,17.96,73,96,0.89,CA,1690609879
315,aykhal,66.0,111.5,24.25,30,33,2.99,RU,1690609879
316,cape coast,5.1053,-1.2466,24.25,89,100,3.26,GH,1690609879
317,colonia,50.9333,6.95,19.21,91,40,0.51,DE,1690609722
318,pangody,65.85,74.4859,18.95,83,100,4.61,RU,1690609609
319,suva,-18.1416,178.4415,22.71,64,75,1.54,FJ,1690609836
320,ulanhot,46.0833,122.0833,29.27,51,1,6.35,CN,1690609881
321,saipan,15.1355,145.701,31.39,70,75,3.6,MP,1690609881
322,sinabang,2.4803,96.3801,29.91,65,46,1.04,ID,1690609720
323,saint-philippe,-21.3585,55.7679,23.77,68,35,4.23,RE,1690609882
324,yuanping,38.7153,112.7575,29.44,50,96,1.82,CN,1690609883
325,nova vicosa,-17.8919,-39.3719,19.83,88,95,1.94,BR,1690609883
326,cotonou,6.3654,2.4183,24.99,94,75,4.12,BJ,1690609884
327,georgetown,5.4112,100.3354,32.96,74,40,4.12,MY,1690609865
328,hovd,48.0056,91.6419,26.22,22,100,7.19,MN,1690609884
329,mount gambier,-37.8333,140.7667,14.28,73,30,5.88,AU,1690609885
330,al-hamdaniya,36.2715,43.3737,36.97,12,0,2.04,IQ,1690609885
331,brisas de zicatela,15.8369,-97.0419,27.06,84,28,2.51,MX,1690609886
332,le port,-20.9373,55.2919,24.0,64,0,1.31,RE,1690609886
333,villa elisa,-25.3667,-57.6167,13.91,82,0,1.54,PY,1690609886
334,thabazimbi,-24.5917,27.4116,19.0,37,75,4.17,ZA,1690609887
335,nueva palestina,15.8,-92.75,21.07,97,83,1.0,MX,1690609887
336,cockburn town,21.4612,-71.1419,28.56,80,100,8.99,TC,1690609888
337,naifaru,5.4444,73.3657,28.15,77,70,3.7,MV,1690609888
338,crane,31.3974,-102.3501,28.5,32,0,5.0,US,1690609656
339,antofagasta,-23.65,-70.4,16.6,84,39,1.66,CL,1690609889
340,pocone,-16.2567,-56.6228,20.34,77,99,1.73,BR,1690609889
341,borogontsy,62.6683,131.1683,25.71,29,33,2.03,RU,1690609890
342,kushiro,42.975,144.3747,30.53,66,75,4.12,JP,1690609731
343,vilyuchinsk,52.9306,158.4028,19.15,85,33,2.98,RU,1690609604
344,ladario,-19.0047,-57.6017,18.57,91,5,1.63,BR,1690609891
345,rio grande,-32.035,-52.0986,4.97,76,10,2.95,BR,1690609891
346,benguela,-12.5763,13.4055,18.76,86,54,1.62,AO,1690609892
347,sunyani,7.3399,-2.3268,21.6,99,100,1.54,GH,1690609892
348,loa janan,-0.583,117.095,32.44,46,72,3.4,ID,1690609893
349,hafar al-batin,28.4328,45.9708,37.32,9,0,3.09,SA,1690609893
350,yerofey pavlovich,53.9667,121.9667,22.89,68,75,0.59,RU,1690609894
351,betio village,1.358,172.9211,27.02,78,69,6.44,KI,1690609895
352,nadi,-17.8,177.4167,25.0,61,40,2.57,FJ,1690609637
353,fort bragg,35.139,-79.006,26.32,87,100,3.09,US,1690609895
354,arpacay,40.8487,43.3291,18.8,58,4,2.63,TR,1690609896
355,zaozersk,69.4005,32.4476,14.95,87,100,2.43,RU,1690609896
356,siddharthanagar,27.5,83.45,33.27,60,98,1.85,NP,1690609864
357,scarborough,54.2797,-0.4044,15.37,87,100,1.79,GB,1690609879
358,batticaloa,7.7102,81.6924,32.31,53,22,1.99,LK,1690609897
359,nyurba,63.2842,118.3319,26.25,35,13,2.78,RU,1690609898
360,guiyang,26.5833,106.7167,30.27,58,75,2.0,CN,1690609898
361,la passe,45.5549,-0.8967,20.13,93,93,3.37,FR,1690609764
362,swan hill,-35.3378,143.5544,18.42,47,0,4.8,AU,1690609899
363,kone,-21.0595,164.8658,20.63,57,93,3.67,NC,1690609838
364,knyaze-volkonskoye,48.4642,135.4567,29.19,70,97,5.18,RU,1690609900
365,lambarene,-0.7001,10.2406,20.79,91,58,1.23,GA,1690609900
366,dapa,9.7594,126.0531,27.8,73,100,0.32,PH,1690609900
367,fisterra,42.9049,-9.2629,19.3,92,71,2.51,ES,1690609729
368,khash,28.2211,61.2158,33.48,20,23,0.57,IR,1690609901
369,dakhla,23.6848,-15.958,19.52,90,7,9.33,EH,1690609902
370,vernon,50.2581,-119.2691,25.2,46,63,1.03,CA,1690609749
371,haqqulobod,40.9167,72.1167,34.29,15,0,2.49,UZ,1690609903
372,essaouira,31.5125,-9.77,20.72,83,0,2.06,MA,1690609903
373,merefa,49.8197,36.0519,20.38,57,11,7.27,UA,1690609903
374,sinop,41.7711,34.8709,20.37,59,2,1.5,TR,1690609904
375,kayangel,8.0823,134.7173,28.44,80,100,9.34,PW,1690609904
376,jackson,42.4165,-122.8345,25.93,36,0,2.57,US,1690609843
377,lib,8.3122,167.3766,28.74,82,28,8.06,MH,1690609815
378,plettenberg bay,-34.0527,23.3716,11.37,84,71,1.14,ZA,1690609906
379,sao vicente,-23.9631,-46.3919,21.1,26,93,0.89,BR,1690609906
380,at taj,24.2049,23.2857,31.38,25,2,6.45,LY,1690609907
381,antalaha,-14.9003,50.2788,23.79,56,10,4.95,MG,1690609907
382,charlestown,-32.95,151.6667,23.88,67,33,1.34,AU,1690609747
383,laguna,38.421,-121.4238,25.81,41,0,3.6,US,1690609908
384,wonju,37.3514,127.9453,32.89,51,49,3.37,KR,1690609908
385,jianshui,23.6363,102.8264,26.88,68,60,1.69,CN,1690609909
386,shimanovsk,52.0,127.7,25.08,76,26,2.28,RU,1690609909
387,tindouf,27.6711,-8.1474,26.25,34,0,2.06,DZ,1690609822
388,richards bay,-28.783,32.0377,19.16,64,100,5.19,ZA,1690609910
389,urangan,-25.3,152.9,20.63,66,47,4.4,AU,1690609910
390,acapulco de juarez,16.8634,-99.8901,27.65,81,4,1.92,MX,1690609744
391,gandajika,-6.75,23.95,23.2,30,4,1.57,CD,1690609911
392,sisimiut,66.9395,-53.6735,5.83,88,96,1.98,GL,1690609912
393,yemva,62.59,50.8594,24.88,55,24,4.38,RU,1690609912
394,egilsstadir,65.2653,-14.3948,7.95,100,100,2.57,IS,1690609912
395,sur,22.5667,59.5289,33.98,53,99,3.9,OM,1690609725
396,acajutla,13.5928,-89.8275,25.97,92,100,1.36,SV,1690609913
397,jayapura,-2.5333,140.7,31.66,72,75,2.59,ID,1690609914
398,pokhara,28.2333,83.9833,27.28,81,92,1.86,NP,1690609914
399,pichucalco,17.5167,-93.0667,23.78,97,61,0.68,MX,1690609914
400,igarka,67.4667,86.5833,22.05,70,88,2.1,RU,1690609915
401,howrah,22.5892,88.3103,28.0,94,75,2.06,IN,1690609915
402,galliano,29.4422,-90.2992,27.0,77,1,0.69,US,1690609915
403,ciudad acuna,29.3232,-100.9522,33.16,43,0,7.72,MX,1690609916
404,alaghsas,17.0187,8.0168,28.94,58,36,1.54,NE,1690609916
405,cape canaveral,28.4058,-80.6048,27.22,92,0,2.06,US,1690609664
406,nagqu,31.5,92.0,15.38,38,7,2.21,CN,1690609917
407,lincoln city,44.9582,-124.0179,15.48,88,1,4.47,US,1690609917
408,yongchuan,29.3514,105.8947,30.36,71,86,1.93,CN,1690609918
409,san pedro,14.35,121.0167,26.29,96,100,1.54,PH,1690609918
410,lugus,5.7036,120.8203,28.24,82,100,6.86,PH,1690609919
411,champerico,14.3,-91.9167,28.64,76,85,1.68,GT,1690609919
412,kincardine,56.0667,-3.7167,15.15,90,100,2.56,GB,1690609919
413,spring creek,40.7266,-115.5859,19.38,18,1,0.93,US,1690609920
414,halifax,44.6453,-63.5724,21.95,86,4,1.54,CA,1690609911
415,shar,49.5886,81.0453,28.23,31,41,3.38,KZ,1690609921
416,puerto san jose,13.9256,-90.8244,26.15,91,82,3.63,GT,1690609921
417,dobrush,52.4089,31.3237,21.11,76,52,2.87,BY,1690609921
418,qoryooley,1.7878,44.53,27.41,66,66,6.7,SO,1690609922
419,six-fours-les-plages,43.0938,5.84,22.47,67,59,2.03,FR,1690609922
420,kloulklubed,7.0419,134.2556,30.28,80,100,7.83,PW,1690609923
421,le grau-du-roi,43.5388,4.1356,22.56,92,100,1.54,FR,1690609923
422,saint-junien,45.8833,0.9,19.32,99,99,1.61,FR,1690609923
423,zhirnovsk,50.9845,44.7735,21.22,74,100,4.33,RU,1690609924
424,petropavlovsk-kamchatsky,53.0452,158.6483,18.33,77,20,7.0,RU,1690609924
425,baruun-urt,46.6806,113.2792,31.39,21,7,4.75,MN,1690609924
426,souillac,-20.5167,57.5167,24.21,73,20,4.12,MU,1690609777
427,shenandoah,30.4013,-91.0009,27.77,85,42,1.03,US,1690609744
428,valle nacional,17.7833,-96.3167,23.02,98,30,1.32,MX,1690609926
429,puerto madero,14.7208,-92.4215,28.51,76,80,0.69,MX,1690609926
430,ponta delgada,37.7333,-25.6667,22.4,83,20,1.03,PT,1690609656
431,gaspe,48.8334,-64.4819,17.95,100,20,0.0,CA,1690609784
432,liwale,-9.7667,37.9333,21.66,70,47,1.65,TZ,1690609928
433,charters towers,-20.1,146.2667,25.83,27,13,4.39,AU,1690609928
434,yarmouth,41.7057,-70.2286,25.56,89,0,4.63,US,1690609929
435,chilca,-12.5211,-76.7372,17.97,86,83,2.71,PE,1690609929
436,fuyang,32.9,115.8167,27.5,86,94,5.84,CN,1690609930
437,coahuayana de hidalgo,18.7,-103.6583,26.21,90,63,1.0,MX,1690609682
438,selfoss,63.9331,-20.9971,6.69,77,79,2.64,IS,1690609930
439,touros,-5.1989,-35.4608,22.16,89,5,5.61,BR,1690609865
440,ar ruways,24.1103,52.7306,36.56,42,86,2.3,AE,1690609931
441,cascais,38.6979,-9.4215,21.39,79,5,6.26,PT,1690609932
442,taroudant,30.4703,-8.877,19.03,85,0,0.92,MA,1690609932
443,laojunmiao,39.8333,97.7333,31.14,18,1,7.55,CN,1690609932
444,leo,11.1,-2.1,22.22,94,100,1.9,BF,1690609933
445,new norfolk,-42.7826,147.0587,17.18,59,73,5.14,AU,1690609933
446,lohardaga,23.4333,84.6833,32.22,55,81,4.28,IN,1690609934
447,taulaga,-11.0553,-171.0883,28.03,76,98,8.46,AS,1690609934
448,hazorasp,41.3194,61.0742,31.91,14,0,6.16,UZ,1690609934
449,kidal,18.4411,1.4078,30.78,46,34,7.32,ML,1690609935
450,colonia menno,-22.3667,-59.8167,14.01,84,4,2.32,PY,1690609935
451,dunedin,-45.8742,170.5036,8.78,62,97,0.13,NZ,1690609936
452,marine corps base hawaii - mcbh,21.4453,-157.7513,27.98,68,20,5.66,US,1690609936
453,belmonte,-15.8631,-38.8828,20.72,86,42,0.58,BR,1690609936
454,santa marta,11.2408,-74.199,29.38,72,22,2.68,CO,1690609639
455,roleystone,-32.1167,116.0667,18.43,88,75,5.66,AU,1690609937
456,port douglas,-16.4833,145.4667,23.1,77,77,6.46,AU,1690609938
457,saudarkrokur,65.7461,-19.6394,8.37,88,85,1.82,IS,1690609938
458,tshabong,-26.05,22.45,10.86,43,74,5.44,BW,1690609938
459,hobyo,5.3505,48.5268,26.85,68,54,9.21,SO,1690609939
460,mayna,54.1135,47.6231,32.05,29,77,6.46,RU,1690609939
461,aleg,17.0481,-13.9209,30.03,60,100,5.29,MR,1690609939
462,usol'ye,59.4268,56.6808,24.27,59,16,0.48,RU,1690609940
463,kenai,60.5544,-151.2583,14.49,95,100,2.06,US,1690609940
464,lerwick,60.1545,-1.1494,14.0,94,94,6.67,GB,1690609941
465,nelson,-41.2833,173.2833,9.05,67,49,0.65,NZ,1690609941
466,fasa,28.9383,53.6482,31.58,25,0,2.06,IR,1690609942
467,chardara,41.2547,67.9692,33.17,23,0,4.01,KZ,1690609942
468,port blair,11.6667,92.75,31.02,74,75,7.72,IN,1690609943
469,cedeira,43.6797,-8.0209,19.33,92,79,3.75,ES,1690609943
470,duba,27.3513,35.6901,36.19,34,3,3.08,SA,1690609943
471,balykchy,42.4557,76.1861,22.12,92,13,1.86,KG,1690609944
472,vorkuta,67.5,64.0,18.09,52,2,3.42,RU,1690609944
473,korsakov,46.6328,142.7813,23.91,86,99,4.9,RU,1690609945
474,haiku-pauwela,20.9219,-156.3051,25.01,75,20,9.26,US,1690609945
475,iskateley,67.6803,53.1512,19.61,62,50,2.72,RU,1690609946
476,inirida,3.8653,-67.9239,22.59,99,78,0.29,CO,1690609946
477,seven pagodas,12.6264,80.1722,33.36,48,92,8.4,IN,1690609947
478,yaiza,28.9633,-13.7631,19.87,78,40,4.12,ES,1690609948
479,canutama,-6.5339,-64.3831,23.06,57,16,1.05,BR,1690609948
480,mgandu,-5.95,34.1333,17.95,61,7,5.13,TZ,1690609949
481,mersa matruh,31.3525,27.2453,25.11,73,0,2.57,EG,1690609950
482,wotho,10.1657,166.0102,28.46,82,92,9.65,MH,1690609950
483,mildura,-34.2,142.15,20.04,54,0,6.0,AU,1690609951
484,tselinnoye,53.0833,85.6667,21.4,80,100,5.27,RU,1690609952
485,dryden,49.7833,-92.7503,13.16,88,0,2.06,CA,1690609952
486,quellon,-43.1167,-73.6167,11.75,88,100,7.38,CL,1690609953
487,caraballeda,10.6112,-66.8522,26.04,78,27,2.57,VE,1690609953
488,touggourt,33.1053,6.058,36.06,15,0,5.14,DZ,1690609954
489,kuraymah,18.55,31.85,37.36,27,82,4.53,SD,1690609954
490,sao paulo de olivenca,-3.3783,-68.8725,24.18,79,41,0.81,BR,1690609955
491,eraan,9.0629,117.7016,31.59,61,100,4.33,PH,1690609955
492,nuku'alofa,-21.1333,-175.2,20.19,68,40,1.54,TO,1690609678
493,kuta,-8.7233,115.1723,27.97,65,40,6.71,ID,1690609956
494,tommot,58.9564,126.2925,25.26,47,38,3.48,RU,1690609956
495,berastagi,3.1929,98.5092,24.15,46,38,1.03,ID,1690609957
496,gubkinskiy,64.434,76.5026,25.1,45,20,3.73,RU,1690609957
497,kavieng,-2.5744,150.7967,27.84,78,16,2.84,PG,1690609958
498,inarajan village,13.2736,144.7484,31.54,85,95,2.6,GU,1690609829
499,turkmenbasy,40.0222,52.9552,31.43,30,0,6.17,TM,1690609958
500,bela,25.9333,81.9833,37.24,45,68,3.53,IN,1690609959
501,hilo,19.7297,-155.09,27.93,84,75,2.06,US,1690609905
502,airali,44.767,7.3219,21.59,83,54,0.65,IT,1690609960
503,punta cana,18.5818,-68.4043,27.87,83,20,5.14,DO,1690609960
504,estevan,49.1334,-102.9842,13.11,82,0,2.57,CA,1690609772
505,mil'kovo,55.6078,37.7956,15.73,89,100,4.38,RU,1690609961
506,biltine,14.5333,20.9167,29.09,54,79,5.31,TD,1690609961
507,puerto gaitan,4.3133,-72.0816,23.59,93,99,2.44,CO,1690609961
508,finley,46.154,-119.0339,26.27,45,0,0.0,US,1690609962
509,ust-tsilma,65.441,52.1498,22.97,55,99,3.43,RU,1690609962
510,nsanje,-16.92,35.262,22.31,64,17,1.0,MW,1690609963
511,san luis de la loma,17.2706,-100.8939,26.97,80,42,2.04,MX,1690609963
512,glendive,47.1053,-104.7125,22.79,53,20,3.09,US,1690609743
513,conception bay south,47.4999,-52.9981,15.53,90,22,2.35,CA,1690609697
514,mossoro,-5.1875,-37.3442,21.32,88,5,2.61,BR,1690609964
515,magadan,59.5667,150.8,21.41,74,99,4.1,RU,1690609965
516,camarinas,43.1311,-9.1817,19.4,92,79,1.86,ES,1690609965
517,saint croix,17.7397,-64.7388,26.25,94,0,3.6,VI,1690609965
518,ta`u,-14.2336,-169.5144,27.04,76,100,9.25,AS,1690609966
519,vadso,70.0744,29.7487,11.09,100,100,2.06,NO,1690609966
520,ixtapa,20.7,-105.2,24.01,92,92,1.62,MX,1690609967
521,baker city,44.7749,-117.8344,21.77,48,0,2.57,US,1690609849
522,minas de barroteran,27.6333,-101.2833,27.56,44,44,4.41,MX,1690609729
523,dzhambeyty,50.2536,52.595,35.88,23,97,6.47,KZ,1690609968
524,zyryanovsk,49.7386,84.2719,16.86,87,100,1.28,KZ,1690609968
525,hotan,37.0997,79.9269,25.16,48,92,10.21,CN,1690609968
526,cerkezkoy,41.285,28.0003,23.1,56,0,4.12,TR,1690609969
527,prince albert,53.2001,-105.7677,10.97,93,20,3.6,CA,1690609838
528,kachkanar,58.7,59.4948,24.63,49,48,0.82,RU,1690609970
529,aasiaat,68.7098,-52.8699,2.55,91,77,3.32,GL,1690609950
530,general santos,6.1128,125.1717,31.88,70,40,7.2,PH,1690609970
531,hami,42.8,93.45,42.96,7,45,11.33,CN,1690609971
532,padang,-0.9492,100.3543,31.03,69,95,2.68,ID,1690609971
533,yuzhno-kurilsk,44.0306,145.8556,22.43,79,100,1.34,RU,1690609971
534,usogorsk,63.4106,48.6872,23.44,67,55,5.09,RU,1690609972
535,vodnyy,63.5046,53.4095,23.79,53,92,3.0,RU,1690609972
536,klamath falls,42.2249,-121.7817,18.95,55,0,4.12,US,1690609864
537,san clemente del tuyu,-36.3569,-56.7235,7.77,79,48,6.58,AR,1690609973
538,opuwo,-18.0607,13.84,9.43,60,19,2.92,NA,1690609974
539,agaro,7.85,36.65,18.13,94,75,0.31,ET,1690609975
540,rouissat,31.9243,5.3502,29.04,11,0,3.09,DZ,1690609975
541,timbuktu,16.7735,-3.0074,31.23,50,45,7.72,ML,1690609976
542,tapa,59.2606,25.9586,15.06,84,34,4.48,EE,1690609976
543,pacocha,-17.5833,-71.3333,16.42,85,11,1.37,PE,1690609977
544,puerto deseado,-47.7503,-65.8938,8.97,71,100,11.47,AR,1690609977
545,saldanha,-33.0117,17.9442,10.03,88,100,8.11,ZA,1690609978
546,ebaye,8.7748,167.7392,31.01,70,40,7.72,MH,1690609978
547,mpika,-11.8343,31.4529,17.5,56,1,3.44,ZM,1690609979
548,atamyrat,37.8357,65.2106,39.44,15,0,5.96,TM,1690609979
549,corner brook,48.9667,-57.9484,13.09,68,87,2.15,CA,1690609739
550,saint-denis,48.9167,2.3333,19.31,88,75,3.6,FR,1690609980
551,ceres,37.5949,-120.9577,25.97,29,0,5.66,US,1690609980
552,kenora,49.8167,-94.4337,14.54,72,40,1.54,CA,1690609981
553,terenozek,45.05,64.9833,35.64,17,0,5.03,KZ,1690609981
554,north madison,38.7678,-85.3966,27.4,92,0,1.54,US,1690609982
